nwk_addr_req,ieee_addr_req,node_desc_req,power_desc_req,simple_desc_req,active_ep_req,match_desc_req,complex_desc_req,user_desc_req,user_desc_set,extended_simple_desc_req,extended_active_ep_req,node_desc_rsp,power_desc_rsp,simple_desc_rsp,active_ep_rsp,match_desc_rsp,complex_desc_rsp,user_desc_rsp,user_desc_conf,extended_simple_desc_rsp,extended_active_ep_rsp,end_device_bind_req,simple_desc_store_req,active_ep_store_req
bind_req,unbind_req,store_bkup_bind_entry_req,remove_bkup_bind_entry_req
backup_bind_table_req,bind_register_rsp,recover_bind_table_rsp,mgmt_bind_rsp
backup_source_bind_req,recover_source_bind_rsp
mgmt_nwk_disc_req,mgmt_nwk_update_req
nwk_addr_rsp,ieee_addr_rsp
